firstname,surname
Steven,Hill
Kelli,Williams
LisaGay,Hamilton
Dylan,McDermott
Camryn,Manheim
Steve,Harris
Marla,Sokoloff
Jerry,Orbach
Michael,Badalucco
Joe,Mantegna
Peter,Krause
Rachel,Griffiths
Jason,Ritter
Frances,Conroy
Lauren,Ambrose
Amber,Tamblyn
Justina,Machado
Mary,Steenburgen
Michael,Welch
Aaron,Himelstein
Becky,Wahlstrom
Chris,Marquette
Mageina,Tovah
Rob,Lowe
Dul_,Hill
Dayton,Callie
Timothy,Olyphant
Joshua,Malina
Anna,Gunn
Allison,Janney
Paula,Malcomson
Leon,Rippy
Kim,Dickens
Bradley,Whitford
Molly,Parker
William,Sanderson
Sean,Bridgers
Richard,Schiff
Ian,McShane
John,Hawkes
Robin,Weigert
Jim,Beaver
Powers,Boothe
Titus,Welliver
Keone,Young
Janel,Moloney
Melissa,Fitzgerald
John,Spencer
Martin,Sheen
NiCole,Robinson
Brad,Dourif
Jeffrey,Jones
Peter,Jason
Larry,Cedar
Geri,Jewell
Ralph,Richeson
Edie,Falco
Lorraine,Bracco
Mark,Valley
Steve,Schirripa
Michael,Imperioli
Jamie-Lynn,Sigler
Dominic,Chianese
James,Gandolfini
Tony,Sirico
Robert,Iler
Aida,Turturro
Dan,Grimaldi
Julie,Bowen
Goran,Visnjic
James,Spader
Rene,Auberjonois
Gaius,Charles
Anthony,Edwards
William,Shatner
Candice,Bergen
Noah,Wyle
Maura,Tierney
Laura,Innes
Carlos,Bernard
Minka,Kelly
Yvette,Freeman
Deezer,Dalot
Emily,Wagner
Adrian,Pasdar
Scott,Porter
Kiefer,Sutherland
Michael,Emerson
Harold,Perrineau
Milo,Ventimiglia
Masi,Oka
Sam,Waterston
Dominic,Monaghan
Hayden,Panettiere
Sendhil,Ramamurthy
Julie,Benz
Jorge,Garcia
Naveen,Andrews
Yunjin,Kim
Terry,O'Quinn
Greg,Grunberg
Zachary,Quinto
Tate,Donovan
Josh,Holloway
Jack,Coleman
Ali,Larter
Ashley,Crow
Shawn,Doyle
Matthew,Fox
Evangeline,Lilly
James,Kyson
Cristine,Rose
Melora,Walters
Ginnifer,Goodwin
Matt,Ross
Connie,Britton
Jeanne,Tripplehorn
Aimee,Teegarden
Louanne,Stephens
Lisa,Edelstein
Jesse,Plemons
Adrianne,Palicki
Bill,Paxton
Kyle,Chandler
Zach,Gilford
Derek,Phillips
Stacey,Oristano
Douglas,Smith
Grace,Zabriskie
Keegan,Holst
Garrett,Gray
Amanda,Seyfried
Daveigh,Chase
Bruce,Dern
Brad,Leland
Taylor,Kitsch
Blue,Deckert
Siobhan,Finneran
Jennifer,Morrison
Jesse,Spencer
Omar,Epps
Eric,Dane
David,Harewood
Hugh,Laurie
Bobbin,Bergstrom
Peter,Jacobson
Glenn,Close
Rose,Byrne
Zachary,Booth
Christina,Robinson
Dan,Stevens
Bob,Odenkirk
Michelle,Fairley
David,Zayas
Dean,Norris
Betsy,Brandt
Morena,Baccarin
Diego,Klattenhoff
Marg,Helgenberger
James,Remar
Anna,Gunn
Aaron,Paul
Jack,Huston
Jennifer,Carpenter
C.S.,Lee
Desmond,Harrington
Bryan,Cranston
RJ,Mitte
Michael,Stuhlbarg
Anthony,Laciura
Brady,Noon
Connor,Noon
Lucy,Gallina
Josie,Gallina
Declan,McTigue
Rory,McTigue
Jackson,Pace
Morgan,Saylor
Shea,Whigham
Paul,Sparks
Rory,McCann
Tory,Kittles
J.D.,Evermore
Paul,Guilfoyle
Anna,Paquin
Stephen,Moyer
Sam,Trammell
Ryan,Kwanten
Rutina,Wesley
Chris,Bauer
Nelsan,Ellis
Carrie,Preston
Todd,Lowe
Jim,Parrack
Lauren,Bowles
Joe,Manganiello
Steve,Buscemi
Stephen,Graham
Vincent,Piazza
Kelly,Macdonald
Michael,Shannon
Gretchen,Mol
Anatol,Yusef
Jack,Gleeson
Michael,Gill
Matthew,McConaughey
Woody,Harrelson
Michelle,Monaghan
Michael,Potts
Dana,Gourrier
Michael,Irby
Joe,Chrest
Dane,Rhodes
Michael,Hyatt
Meghan,Wolfe
Kevin,Dunn
Charles,Dance
Patrick,Dempsey
Ian,McElhinney
